{"client_meta":{"background_color":{"r":0.9607843160629272,"g":0.9607843160629272,"b":0.9607843160629272,"a":1},"thumbnail_size":{"width":175,"height":400},"render_coordinates":{"x":-215,"y":-681,"width":429,"height":981}},"file_name":"Untitled"}